id	mode	subject	needed_for_specific_answer	first_question	optional_details
CORE_003	explain	The item or passage to explore	Only clarify which item when several are plausible	Which part would you like me to explain in more depth?	Learning goal and preferred depth
CORE_004	explain	The current topic or entity	Only clarify the topic if it is absent or ambiguous	Which topic would you like to see the bigger picture for?	Goal and related areas of interest
CORE_005	explain	The entity to connect to related options	Clarify the entity; ask relationship type only if it changes relevance	What would you like me to find related options for?	Goal, relationship type and location for local options
CORE_006	scoped	At least two named options	Options are needed for a comparison; user priorities are needed only to recommend a winner	Which options would you like to compare?	Most important trade-off, budget and location
CORE_007	explain	The term, passage or concept	Only clarify an unresolved reference; no personal profile required	Which term or part would you like explained?	Familiarity and an example from the user's life
CORE_008	explain	The finding or concept	A goal or context is needed only to claim personal relevance	What are you hoping this will help you decide?	Current role and practical constraints
CORE_009	personal	The decision or goal	Current situation and intended outcome before a tailored next action; offer exploration if undecided	What would you most like to move forward with?	Urgency, constraints and steps already tried
CORE_010	scoped	The claim to check	Exact claim and the source or document if the claim depends on a private document	Which statement would you like checked?	Date, jurisdiction and available source links
COURSE_001	scoped	Course and provider	Identify the course before provider-specific details; intake only for date-sensitive differences	Which course and provider are you looking at?	Study goal, delivery preference and intended intake
COURSE_002	scoped	Courses and providers to compare	At least two options; priorities only for a personal recommendation	Which courses would you like to compare?	Cost, schedule, location and career priorities
COURSE_003	explain	Qualification type or named course	Country only for framework level or equivalence; course/provider only for a specific award	Which qualification would you like explained?	Previous study and target role
COURSE_004	scoped	Course and provider	Exact course, then intake/version only if course structures differ	Which course and provider should I explain the structure of?	Specialisation and study pace
COURSE_005	scoped	Course and provider, or a supplied unit list	Identify the syllabus; year/specialisation only if necessary to select units	Which course are these units for?	Skill interests and units the user finds confusing
COURSE_006	scoped	Course and provider	Identify the course before naming its actual specialisations	Which course would you like to explore specialisations for?	Interests, target career and intake
COURSE_007	scoped	Course or supplied curriculum	Course identity or syllabus before asserting taught skills	Which course should I map the skills for?	Target role and specialisation
COURSE_008	scoped	Course and provider	Course identity; jurisdiction only for regulated entry or local job requirements	Which course are you considering?	Career interests, specialisation and preferred work location
COURSE_009	scoped	Course and target employment market	Course plus user-chosen city, country or remote scope before local employer matching	Where would you like to look for employers?	Target role, industry and specialisation
COURSE_010	personal	Course/provider and entry rules	Only applicant facts that the actual entry rules depend on; do not collect a full biography	What qualification or study have you completed so far?	Intake and relevant pathway qualifications
COURSE_011	personal	Course/provider and fee period	Fee category for a personal fee; residency or other eligibility facts only when a specific funding rule requires them	Are you looking at domestic or international student fees, or are you unsure?	Intake, study load and funding question
COURSE_012	scoped	Course and provider	Identify course for delivery claims; availability only if assessing personal schedule fit	Which course would you like to understand the study commitments for?	Weekly availability, caring commitments and delivery preferences
COURSE_013	scoped	Course and target role	Both comparison endpoints; no personal skill questionnaire for a curriculum gap	Which job would you like to compare this course with?	Specialisation, seniority and jurisdiction
COURSE_014	scoped	Course and intended occupation or field	Course identity and relevant target before judging curriculum currency	Which role or field should I check this course against?	Specialisation, local market and relevant time period
COURSE_015	personal	Goal and current route or obstacle	Goal or obstacle to tailor alternatives; ask only the constraint that changes feasible routes	What is the main thing your current option does not solve?	Location, time, budget, delivery and prior learning
COURSE_016	explain	Learning type, such as apprenticeship or short course	No personal intake; country only for jurisdiction-specific recognition claims	Which type of learning would you like explained?	Goal and desired recognition
MICRO_001	scoped	Microcredential and provider	Identify the credential before credit, assessment or recognition claims	Which microcredential and provider are you considering?	Target skill, prior learning and intended use
CAREER_001	explain	Occupation	Occupation name; location only for local pay, regulation or demand	Which career would you like to understand?	Interests, work preferences and country
CAREER_002	explain	Occupation or role family	Role family before explaining levels; evidence only if assessing the user's level	Which career would you like to see the levels for?	Current role, industry and target level
CAREER_003	explain	Career or field	Identify the field; personal preferences are optional for exploration	Which career field would you like to explore?	Interests, goals and location
CAREER_004	personal	Current role and desired direction	Current starting point; clarify target only for a specific progression plan, allow exploratory branches	What role are you in now?	Experience, strengths, target level and constraints
CAREER_005	personal	Current background and target direction	Starting point and target for a transition plan; ask one key feasibility constraint at a time	What kind of work would you like to move towards?	Transferable experience, time, budget and location
JOB_001	scoped	Vacancy advertisement or identifiable vacancy	Actual ad/link or supplied description before employer-specific claims	Can you share the job ad or the role and employer?	User questions and relevant experience
JOB_002	explain	Occupation or vacancy	Occupation for typical requirements; actual ad for that vacancy's requirements	Which job would you like the requirements explained for?	Seniority, industry and location
JOB_003	explain	Occupation or vacancy	Identify role; actual ad needed only for employer-specific task claims	Which role would you like to understand day to day?	Specialisation and seniority
JOB_004	explain	Occupation or vacancy	Identify role; personal profile only for a personal gap assessment	Which job should I explain the skills for?	Seniority, industry and local context
JOB_005	explain	Occupation or vacancy	Identify role; company-specific technology claims need source evidence	Which role would you like to understand the tools for?	Industry, seniority and technologies already known
JOB_006	scoped	Occupation and labour market	Occupation and user-entered location; agree time horizon for a specific forecast	Which city, region or country should I check demand in?	Industry and time horizon
JOB_007	scoped	Occupation and regions to compare	Role plus regions; do not infer locations from IP or timezone	Which places would you like to compare for this job?	Remote work preference and period
JOB_008	explain	Occupation or task list	Role for general task analysis; actual tasks only for a personal workplace assessment	Which role or tasks would you like to explore?	Industry, time horizon and tools used at work
SKILL_001	explain	Skill	Only the skill name; beginner explanation does not require a profile	Which skill would you like to understand?	Goal and a familiar real-life context
SKILL_002	personal	Skill and its use context	Work examples or demonstration for a personal proficiency judgement; explain levels without evidence	Can you describe something you have done using this skill?	Role and desired level
SKILL_003	personal	Target skills and current evidence	Target plus relevant examples of current capability; distinguish unknown from missing skill	What role or level are you aiming for?	Projects, experience and available learning time
SKILL_004	personal	Current experience and target role	Both endpoints plus examples before claiming transferable competence	What work or activities have you already done?	Industry and supporting examples
SKILL_005	personal	Target and current capabilities	Goal plus starting point for prioritised personal recommendations	What would you like these new skills to help you do?	Time, budget, urgency and learning preferences
SKILL_006	scoped	Skill and market	Skill and geographic scope; define period before reporting a measured trend	Which country or region should I check this skill in?	Industry, occupation and time period
SKILL_007	explain	Skill or tool	Identify skill/tool; market and period only for measured replacement claims	Which skill or tool are you wondering about?	Industry, role and planning horizon
SKILL_008	explain	Starting skill	Only the starting skill for related learning options	Which skill would you like to build on?	Target role and existing strengths
SKILL_009	explain	Skill and intended learning outcome	Skill only to start a beginner lesson; level and constraints only when a tailored plan depends on them	Which skill would you like to learn?	Current confidence, available time, budget and preferred practice style
SKILL_010	scoped	Skill to learn	Skill; location only for local courses, learning level only if choices would differ materially	What skill would you like a course to help you learn?	Online/local preference, budget, time and recognition needs
SKILL_011	explain	Skill	Skill for related occupations; location only for actual local vacancies	Which skill would you like to connect to jobs?	Depth of experience, industry and work location
SKILL_012	scoped	Skill and employer search area	Skill plus geographic or remote scope for specific employer matches	Where would you like to find companies using this skill?	Industry, job family and time period
IND_001	explain	Industry	Only the industry for an overview; location for regional facts	Which industry would you like to understand?	Location and reason for exploring
IND_002	explain	Industry	Industry name; taxonomy IDs and current depth are system context, not user questions	Which industry would you like to break into smaller areas?	Areas of interest
IND_003	explain	Industry	Industry for an exploratory map; goal optional	Which industry would you like to explore niches in?	Goals and local market
IND_004	explain	Industry	Industry for a role map; location only for current local job claims	Which industry would you like to see jobs in?	Specialisation, location and seniority
IND_005	scoped	Industry and employer search scope	Industry and geography or explicit global scope	Which location should I use to find companies in this industry?	Company size, specialisation and hiring-only filter
IND_006	explain	Industry	Industry for typical skill families; region only for measured local demand	Which industry should I explain the skills for?	Occupation, specialisation and market
IND_007	scoped	Industry and region	Region and industry before asserting a shortage	Which region should I check for skill shortages?	Time period and occupations of interest
IND_008	scoped	Industry and regions to compare	Industry plus named comparison regions	Which regions would you like to compare?	Time period and occupation focus
IND_009	explain	Industry	Industry for conceptual technology change; timeframe for forecast claims	Which industry would you like to explore technology changes in?	Location, planning horizon and role
IND_010	explain	Industry	Industry for task-level examples; no individual profile needed	Which industry would you like to explore AI's impact on?	Time horizon and occupations of interest
IND_011	scoped	Industry and education market	Industry and geography; qualification scope only where supply measures differ	Which country or region's education supply should I examine?	Occupation, qualification level and period
IND_012	scoped	Industry, location and planning horizon	All three to compare compatible workforce supply and demand; missing datasets are not a user-profile gap	What location and planning period is this talent-gap question about?	Priority occupations and skills
COMP_001	scoped	Company	Disambiguate company by name/link/location only when needed	Which company would you like to understand?	Specific area of interest
COMP_002	scoped	Company	Company identity; distinguish typical functions from currently advertised vacancies	Which company would you like to explore roles at?	Function, location and seniority
COMP_003	scoped	Company	Company identity; role family only for a focused skills map	Which company should I look at the skill signals for?	Role, location and period
COMP_004	scoped	Company	Company identity; public stack evidence or supplied documentation	Which company's technology would you like to understand?	Role family and time period
COMP_005	scoped	Company and observation period	Company and period before claiming hiring movement; period may be offered as an explicit assumption	Which company would you like to check hiring signals for?	Location, function and role family
COMP_006	scoped	Company, role market and period	Company and market; repeated adverts alone cannot establish hard-to-fill roles	Which company's roles and location should I check?	Role family, period and available recruitment evidence
COMP_007	scoped	Company and skills question	Company and market for public signals; authorised internal evidence only for claims about actual workforce gaps	Are you exploring public hiring signals or your own team's skills?	Role family, period and anonymised capability information
COMP_008	personal	Candidate experience and target role at a company	A specific target role plus relevant candidate evidence before personal fit assessment	Which role at the company would you like to assess your fit for?	Redacted experience summary, location and preferences
COMP_009	scoped	Required role or skill and talent market	Role/skill and region before supply analysis; do not request candidate identities	What role or skill do you need to find people for?	Seniority, timeframe and employer context
COMP_010	personal	Workforce need and current capacity	Required outcome, deadline and current team's relevant capability before recommending train versus hire	What capability do you need, and by when?	Budget, delivery capacity and local hiring conditions
COMP_011	personal	Team starting point and target skills	Anonymised team capability, desired outcome and timeframe before an actionable upskilling plan	What should the team be able to do after the training?	Budget, delivery preferences and protected learning time
COMP_012	personal	Internal target roles and relevant workforce evidence	Target requirements and anonymised, role-relevant evidence; no employee ranking from demographics	Which internal role or opportunity are you planning for?	Employee interests, timeframe and location constraints
COMP_013	scoped	Training need, learner level and delivery scope	Required skills and learner level; location only for in-person/provider recognition constraints	What should the training help your team do?	Budget, timing, delivery and accreditation needs
COMP_014	personal	Target roles, hiring volume and deadline	Role/skills, numbers, location and timeframe for a sized pipeline; clarify one missing planning variable at a time	Which roles does the pipeline need to supply?	Partners, placement capacity and existing training resources
INST_001	scoped	Institution	Institution identity; campus only if the question depends on it	Which institution would you like to know about?	Location and area of interest
INST_002	scoped	Institution	Institution for its course list; preferences only to narrow or rank options	Which institution's courses would you like to explore?	Study area, qualification level and campus
INST_003	scoped	Institution and field	Both to identify actual specialisations	Which study area at the institution interests you?	Qualification level and campus
INST_004	scoped	Course/program curriculum	Named program and accessible syllabus, or supplied curriculum; missing public evidence should prompt lookup first	Which program should I map the skills for?	Target roles and industry
INST_005	scoped	Program and target occupation	Both comparison endpoints plus curriculum evidence	Which occupation should I compare this program with?	Seniority and jurisdiction
INST_006	scoped	Program, industry and market	Program and industry; location for local alignment claims	Which industry should this program prepare learners for?	Priority roles, market and planning horizon
INST_007	scoped	Existing curriculum gap assessment	Actual gap findings and curriculum; if absent, offer to audit before redesign	Do you have gap findings to work from, or should we first review the curriculum?	Accreditation rules, credit limits and delivery constraints
INST_008	scoped	Program or skills supplied and partner market	Program/skill supply and geography before employer matching	Where would you like to find employer partners?	Industry and partnership purpose
INST_009	scoped	Course, learner stage and placement area	Program, stage and user-chosen location for matching; provider rules and host openings need evidence	Where are placements needed for these learners?	Timing, duration, supervision and capacity
INST_010	scoped	Program and market	Program and location for demand assessment; separate employer demand from learner enrolment demand	Which region should I assess demand for this program in?	Time horizon and target occupations
CAND_001	personal	User-provided background	Voluntary relevant experience and intended purpose to draft a profile; no name, date of birth or full CV required	What would you like this profile to help you apply for or explore?	Redacted experience, education, strengths and preferences
CAND_002	personal	Candidate evidence and target	Target requirements plus relevant experience before a readiness conclusion	What role, course or opportunity are you checking readiness for?	Timeframe and location if requirements depend on it
CAND_003	personal	Target and established gaps	Target and evidence-based gap findings; if absent first establish what is known	Which goal would you like a gap-closing plan for?	Available time, budget and constraints
PROVE_001	explain	Skill and intended use	Skill for practice examples; assessor/credential rules only for formal proof or recognition	Which skill would you like to demonstrate?	Target role, current level and available practice time
RPL_001	personal	Target credential/provider and prior learning	Exact credential and relevant learning/work examples before assessing possible RPL evidence; final credit is provider's decision	Which qualification would you like your experience recognised towards?	Jurisdiction and redacted evidence descriptions
EXPERIENCE_001	personal	Target role/skill and experience opportunity scope	Goal, starting level and location or remote preference for suitable opportunity matching	What skill or role would you like to gain experience in?	Availability, paid/unpaid preference and duration
APP_001	personal	Apprenticeship goal and jurisdiction	Goal and location; ask only eligibility facts required by current rules for that pathway	Where would you like to do an apprenticeship or traineeship?	Industry, availability and existing qualifications
TECH_001	explain	Technology or tool	Only tool name for an explanation; current pricing/features require sources, not a personal questionnaire	Which tool would you like explained?	Task, industry and familiarity
TECH_002	scoped	Technology and market	Technology and market scope; period for a measured adoption trend	Which technology and market would you like to examine?	Industry, role and comparison period
TREND_001	scoped	Market topic, location and period	Resolve scope, location and time window before measured trend claims	Which market or topic would you like to explore?	Industry, role, skill or technology focus
TREND_002	scoped	Industry/skill scope and location	Topic and market; timeframe before describing measured emergence	Which field and location would you like to look at emerging roles in?	Period and change driver
TREND_003	scoped	Occupation/scope and location	Scope and market; distinguish task change from disappearance	Which role or field are you concerned about changing?	Time horizon and change driver
TREND_004	scoped	Occupation/industry, location and period	Comparison scope and consistent period before claiming qualification demand changed	Which role or industry should I check qualification trends for?	Qualification type and country
TREND_005	scoped	Industry/role, market and period	Scope, geographic market and time window for a measured skill trend set	Which role or industry would you like skill trends for?	Specialisation and comparison period
TREND_006	scoped	Hiring scope, market and period	Company/role/industry plus market and period before trend claims	Whose hiring would you like to examine: a role, industry or company?	Role family and comparison window
TREND_007	scoped	Role/scope, location and period	Role/level, market and comparable pay basis; never ask personal income for market analysis	Which role and location should I check pay and conditions for?	Seniority, industry, hours basis and comparison period
TREND_008	scoped	Topic, regions and period	Topic plus named regions and comparable period	Which regions would you like to compare?	Industry, occupation or skill focus
